mutation,position,dist3d_to_potentiator_site_TM4_TM5_TM8_A,dist3d_to_elexacaftor_site_TMD_lasso_A,dist3d_to_corrector_site_TMD1_type1_A,dist3d_to_ABP1_noncanonical_degenerate_A,dist3d_to_ABP2_canonical_hydrolytic_A
F508del,508,,,,,
G551D,551,63.951080322265625,58.65475845336914,73.23528289794922,15.194517135620117,6.598673343658447
G178R,178,34.08341598510742,39.75569152832031,46.6637077331543,29.664934158325195,29.546276092529297
S549N,549,61.03215026855469,54.69594192504883,69.28522491455078,19.21489906311035,4.441512107849121
R117H,117,41.43141555786133,38.073307037353516,32.76968002319336,97.57962799072266,92.2294921875
N1303K,1303,48.20234298706055,57.32497024536133,59.343955993652344,21.097679138183594,23.179176330566406
W1282X,1282,58.9721794128418,60.25046920776367,63.825775146484375,33.90896224975586,22.601667404174805
G542X,542,51.22943878173828,42.1752815246582,59.09359359741211,26.37788963317871,15.93627643585205
R553X,553,60.253997802734375,54.01347351074219,69.7190933227539,16.762981414794922,9.424968719482422
A455E,455,73.1801528930664,72.5335464477539,86.13094329833984,14.091861724853516,27.294376373291016
R560T,560,62.7848014831543,54.57658767700195,73.3167953491211,20.783985137939453,20.02271270751953
D1152H,1152,21.180267333984375,16.45876121520996,23.86703872680664,56.0967903137207,49.46686935424805
