mutation,wt_residue,position,mt_residue,mutation_type,domain,dist_to_F508,dist_to_nearest_ATP_pocket,in_ABP1_degenerate_pocket,in_ABP2_hydrolytic_pocket,delta_hydrophobicity_kd,delta_volume_A3,delta_charge,polarity_class_changed,local_sequence_window
F508del,F,508,,deletion,NBD1,0,39,0,0,,,,,TIKENIIFGVSYDEY
G551D,G,551,D,missense,NBD1,43,0,0,1,-3.1,50.99999999999999,-1.0,1.0,GGITLSGGQRARISL
G178R,G,178,R,missense,TMD1,330,223,0,0,-4.1,113.30000000000001,1.0,1.0,VLDKISIGQLVSLLS
S549N,S,549,N,missense,NBD1,41,0,0,1,-2.7,25.099999999999994,0.0,0.0,GEGGITLSGGQRARI
R117H,R,117,H,missense,TMD1,391,284,0,0,1.2999999999999998,-20.200000000000017,-0.9,0.0,DPDNKEERSIAIYLG
N1303K,N,1303,K,missense,NBD2,795,45,0,0,-0.3999999999999999,54.5,1.0,0.0,FSGTFRKNLDPYEQW
W1282X,W,1282,,nonsense,NBD2,774,30,0,0,,,,,DSITLQQWRKAFGVI
G542X,G,542,,nonsense,NBD1,34,5,0,0,,,,,EKDNIVLGEGGITLS
R553X,R,553,,nonsense,NBD1,45,2,0,0,,,,,ITLSGGQRARISLAR
A455E,A,455,E,missense,NBD1,53,54,0,0,-5.3,49.80000000000001,-1.0,1.0,IERGQLLAVAGSTGA
R560T,R,560,T,missense,NBD1,52,9,0,0,3.8,-57.30000000000001,-1.0,0.0,RARISLARAVYKDAD
D1152H,D,1152,H,missense,TMD2,644,67,0,0,0.2999999999999998,42.099999999999994,1.1,0.0,WAVNSSIDVDSLMRS
