mutation,wt_residue,position,mt_residue,mutation_type,domain,dist_to_F508,dist_to_nearest_ATP_pocket,in_ABP1_degenerate_pocket,in_ABP2_hydrolytic_pocket,delta_hydrophobicity_kd,delta_volume_A3,delta_charge,polarity_class_changed,local_sequence_window,plddt,dist3d_to_F508_A,dist3d_to_ATP_pocket_A,residue_sasa_A2
F508del,F,508,,deletion,NBD1,0,39,0,0,,,,,TIKENIIFGVSYDEY,90.12,0.0,19.47413444519043,9.524856536342135
G551D,G,551,D,missense,NBD1,43,0,0,1,-3.1,50.99999999999999,-1.0,1.0,GGITLSGGQRARISL,81.81,19.47413444519043,0.0,2.1871768054292144
G178R,G,178,R,missense,TMD1,330,223,0,0,-4.1,113.3,1.0,1.0,VLDKISIGQLVSLLS,65.5,26.81740379333496,22.275480270385742,47.60299524988996
S549N,S,549,N,missense,NBD1,41,0,0,1,-2.7,25.09999999999999,0.0,0.0,GEGGITLSGGQRARI,80.38,20.309328079223633,0.0,30.897915606432814
R117H,R,117,H,missense,TMD1,391,284,0,0,1.2999999999999998,-20.200000000000017,-0.9,0.0,DPDNKEERSIAIYLG,79.94,80.53133392333984,81.96794891357422,61.77877864794195
N1303K,N,1303,K,missense,NBD2,795,45,0,0,-0.3999999999999999,54.5,1.0,0.0,FSGTFRKNLDPYEQW,92.5,38.95064926147461,12.80737018585205,0.0
W1282X,W,1282,,nonsense,NBD2,774,30,0,0,,,,,DSITLQQWRKAFGVI,90.06,45.67124557495117,17.499027252197266,1.2076282160399163
G542X,G,542,,nonsense,NBD1,34,5,0,0,,,,,EKDNIVLGEGGITLS,70.5,15.859329223632812,7.6905622482299805,33.24339098249111
R553X,R,553,,nonsense,NBD1,45,2,0,0,,,,,ITLSGGQRARISLAR,88.38,14.57787036895752,5.568210601806641,58.41634459717542
A455E,A,455,E,missense,NBD1,53,54,0,0,-5.3,49.80000000000001,-1.0,1.0,IERGQLLAVAGSTGA,92.06,26.6066837310791,8.375433921813965,1.2076282160399163
R560T,R,560,T,missense,NBD1,52,9,0,0,3.8,-57.30000000000001,-1.0,0.0,RARISLARAVYKDAD,94.19,6.905846118927002,14.326436996459961,10.02611649377831
D1152H,D,1152,H,missense,TMD2,644,67,0,0,0.2999999999999998,42.099999999999994,1.1,0.0,WAVNSSIDVDSLMRS,86.38,43.78800964355469,40.36567306518555,79.57820067635055
